DT_RowId,actionprice,img,img_link,manufacturer,manufacturerid,partid,price,quantity,rep,replacements,title
e10848a7-53b1-11ea-bb0d-00155d080527,,0,no image,REYHER,62f1908f-5758-11e3-bd0e-00155d012119,009313540240100,194.68,0,0,,009313540240100 Болт M24x100-10.9
33f36470-53b3-11ea-bb0d-00155d080527,,0,no image,REYHER,62f1908f-5758-11e3-bd0e-00155d012119,009311000220240,254.35,0,0,,009311000220240 Болт M22x240-10.9
9e092a8f-e671-11e9-baff-00155d080527,,0,no image,Strom,3a7e8998-07ba-11de-8a95-00e081b05e17,TZ410104,600.26,0,0,,TZ410104 Втулка
c64f6545-e677-11e9-baff-00155d080527,,0,no image,Strom,3a7e8998-07ba-11de-8a95-00e081b05e17,KM100371,179.04,0,0,,KM100371 Подовжувач катка
70d42bd2-e672-11e9-baff-00155d080527,,0,no image,Strom,3a7e8998-07ba-11de-8a95-00e081b05e17,KM280031,4911.33,0,0,,KM280031 Зубчате колесо
4f845c4c-e671-11e9-baff-00155d080527,,0,no image,Strom,3a7e8998-07ba-11de-8a95-00e081b05e17,TB 14130000,8488.13,0,0,,TB 14130000 Вал
4a136967-e673-11e9-baff-00155d080527,,0,no image,Strom,3a7e8998-07ba-11de-8a95-00e081b05e17,00986436,3865.18,0,0,,00986436 Кованная скоба
030d7ff3-5188-11ea-bb0c-00155d080527,,0,no image,Strom,3a7e8998-07ba-11de-8a95-00e081b05e17,KM040271,5668.99,0,1,ba34144c-e675-11e9-baff-00155d080527,KM040271 Ступиця з підшипником
03e0c419-3d1f-11ea-bb04-00155d080527,,0,no image,Strom,3a7e8998-07ba-11de-8a95-00e081b05e17,KM000250,32.59,0,0,,KM000250 Болт
f1062443-3d1c-11ea-bb04-00155d080527,,0,no image,Strom,3a7e8998-07ba-11de-8a95-00e081b05e17,KM000403,13.78,0,0,,KM000403 Штифт
5524d565-3d1f-11ea-bb04-00155d080527,,0,no image,Strom,3a7e8998-07ba-11de-8a95-00e081b05e17,02392573,2872.46,0,0,,02392573 Болт
ac4202cf-3b79-11ea-bb04-00155d080527,,0,no image,Strom,3a7e8998-07ba-11de-8a95-00e081b05e17,00914808,1540.56,0,0,,00914808 Втулка
d98ef940-3b7b-11ea-bb04-00155d080527,,0,no image,Strom,3a7e8998-07ba-11de-8a95-00e081b05e17,KM050609,1015.39,0,0,,KM050609 КРИШКА СТУПИЦІ
318cda6b-3b7a-11ea-bb04-00155d080527,,0,no image,Strom,3a7e8998-07ba-11de-8a95-00e081b05e17,00153062,138.43,0,0,,00153062 Втулка
352213b2-3b7b-11ea-bb04-00155d080527,,0,no image,Strom,3a7e8998-07ba-11de-8a95-00e081b05e17,KM000409,138.77,0,0,,KM000409 Гайка
551f2f34-3b7c-11ea-bb04-00155d080527,,0,no image,Strom,3a7e8998-07ba-11de-8a95-00e081b05e17,KM050607,1178.02,0,0,,KM050607 УЩІЛЬНЕННЯ
87a6e966-3b79-11ea-bb04-00155d080527,,0,no image,Strom,3a7e8998-07ba-11de-8a95-00e081b05e17,00914807,1398.1,0,0,,00914807 Втулка
2a378e1c-3b77-11ea-bb04-00155d080527,,0,no image,Strom,3a7e8998-07ba-11de-8a95-00e081b05e17,KM000227,17.14,0,0,,KM000227 Болт
939d4ca7-3b7b-11ea-bb04-00155d080527,,0,no image,Strom,3a7e8998-07ba-11de-8a95-00e081b05e17,KM000342,33.94,0,0,,KM000342 Гайка контр М24
1166c009-3b7a-11ea-bb04-00155d080527,,0,no image,Strom,3a7e8998-07ba-11de-8a95-00e081b05e17,KM040094,67.2,0,0,,KM040094 Втулка
a856e967-3b78-11ea-bb04-00155d080527,,0,no image,Strom,3a7e8998-07ba-11de-8a95-00e081b05e17,00453732,1169.62,0,0,,00453732 Вiсь
6331cdb2-3b79-11ea-bb04-00155d080527,,0,no image,Strom,3a7e8998-07ba-11de-8a95-00e081b05e17,00914757,1547.1,0,0,,00914757 Втулка
d3473283-3b78-11ea-bb04-00155d080527,,0,no image,Strom,3a7e8998-07ba-11de-8a95-00e081b05e17,00914756,1617.5,0,0,,00914756 Втулка
77fe9f94-3b7c-11ea-bb04-00155d080527,,0,no image,Strom,3a7e8998-07ba-11de-8a95-00e081b05e17,00058937,220.08,0,0,,00058937 Шайба
425fe198-3b78-11ea-bb04-00155d080527,,0,no image,Strom,3a7e8998-07ba-11de-8a95-00e081b05e17,KM000390,127.34,0,0,,KM000390 Болт М24*200
6bb12d2c-3b78-11ea-bb04-00155d080527,,0,no image,Strom,3a7e8998-07ba-11de-8a95-00e081b05e17,KM000036,20.83,0,0,,KM000036 Болт
064dcb32-3b77-11ea-bb04-00155d080527,,0,no image,Strom,3a7e8998-07ba-11de-8a95-00e081b05e17,KM000099,77.95,0,0,,KM000099 Болт
061e8fff-3b7b-11ea-bb04-00155d080527,,0,no image,Strom,3a7e8998-07ba-11de-8a95-00e081b05e17,KM040115,138.77,0,0,,KM040115 Втулка
54a8de93-3b77-11ea-bb04-00155d080527,,0,no image,Strom,3a7e8998-07ba-11de-8a95-00e081b05e17,KM000744,19.15,0,0,,KM000744 Болт
5c9fcbb5-3b7a-11ea-bb04-00155d080527,,0,no image,Strom,3a7e8998-07ba-11de-8a95-00e081b05e17,00178542,343.06,0,0,,00178542 Втулка
33f8c3bd-3b7c-11ea-bb04-00155d080527,,0,no image,Strom,3a7e8998-07ba-11de-8a95-00e081b05e17,00023928,711.31,0,0,,00023928 КОВАНА СКОБА
dbf7715e-2244-11ea-bb02-00155d080527,,0,no image,Strom,3a7e8998-07ba-11de-8a95-00e081b05e17,KM280072,1164.24,0,0,,KM280072 Підшипник
2505a42c-2245-11ea-bb02-00155d080527,,0,no image,Strom,3a7e8998-07ba-11de-8a95-00e081b05e17,KM280247,1502.93,0,0,,KM280247 Підшипник
858d15f3-3d1e-11ea-bb04-00155d080527,,0,no image,Strom,3a7e8998-07ba-11de-8a95-00e081b05e17,KM040041,194.54,0,0,,KM040041 Втулка
b3c0fe5c-1b24-11ea-bb02-00155d080527,,0,no image,Strom,3a7e8998-07ba-11de-8a95-00e081b05e17,KM060484,2935.3,0,0,,KM060484 Крило long life ліве
64b7a181-1b24-11ea-bb02-00155d080527,,0,no image,Strom,3a7e8998-07ba-11de-8a95-00e081b05e17,KM060483,2935.3,0,0,,KM060483 Крило long life праве
1ed29e16-1a82-11ea-bb02-00155d080527,,0,no image,Strom,3a7e8998-07ba-11de-8a95-00e081b05e17,00016547,258.94,0,0,,00016547 Пластина
bfb70f68-10f1-11ea-bb02-00155d080527,,0,no image,Strom,3a7e8998-07ba-11de-8a95-00e081b05e17,RS031007,1430.69,0,0,,RS031007 Каток
72b44383-0d2d-11ea-bb01-00155d080527,,0,no image,Strom,3a7e8998-07ba-11de-8a95-00e081b05e17,KM040148,1690.01,0,0,,KM040148 Підшипник
450dfb76-0d2a-11ea-bb01-00155d080527,,0,no image,Strom,3a7e8998-07ba-11de-8a95-00e081b05e17,KM000027,0.42,0,0,,KM000027 Шайба
c00fa718-0d2b-11ea-bb01-00155d080527,,0,no image,Strom,3a7e8998-07ba-11de-8a95-00e081b05e17,KM000331,30.54,0,0,,KM000331 Болт
be24ccab-0d2a-11ea-bb01-00155d080527,,0,no image,Strom,3a7e8998-07ba-11de-8a95-00e081b05e17,01383911,332.98,0,0,,01383911 Метал
e4112e13-0d12-11ea-bb01-00155d080527,,0,no image,Strom,3a7e8998-07ba-11de-8a95-00e081b05e17,KM000930,10.46,0,0,,KM000930 Болт
0408a2bf-0d29-11ea-bb01-00155d080527,,0,no image,Strom,3a7e8998-07ba-11de-8a95-00e081b05e17,KM000219,1.68,0,0,,KM000219 Шайба
08492b90-0d13-11ea-bb01-00155d080527,,0,no image,Strom,3a7e8998-07ba-11de-8a95-00e081b05e17,KM000963,17.99,0,0,,KM000963 Шайба
f09c3839-0d0d-11ea-bb01-00155d080527,,0,no image,Strom,3a7e8998-07ba-11de-8a95-00e081b05e17,KM000003,4.6,0,0,,KM000003 Гайка M16 CSN 021401.55
803f955a-0d1e-11ea-bb01-00155d080527,,0,no image,Strom,3a7e8998-07ba-11de-8a95-00e081b05e17,00913027,116.29,0,0,,00913027 Шайба
9755a147-0d07-11ea-bb01-00155d080527,,0,no image,Strom,3a7e8998-07ba-11de-8a95-00e081b05e17,KM000033,11.3,0,0,,KM000033 Болт
0531291e-0cf3-11ea-bb01-00155d080527,,0,no image,Strom,3a7e8998-07ba-11de-8a95-00e081b05e17,KM060414,1614.41,0,0,,KM060414 Долото
79fad408-0c69-11ea-bb01-00155d080527,,0,no image,Strom,3a7e8998-07ba-11de-8a95-00e081b05e17,KM000851,11.3,0,1,"d9d794f9-984e-11e7-baa0-00155d080306,e719fcb2-5e10-11e6-9e82-00155d012119,831e6be5-97c6-11de-88d3-00e081b05e17,3fb910e6-a00c-11e2-8920-00155d012119,353e52c2-ec94-11dd-8f72-00e081b05e05,3579f069-967d-11e0-88c1-00e081b05e05,353e52da-ec94-11dd-8f72-00e081b05e05,7bc55aaf-6cc2-11e0-a2e2-00e081b05e05,28c07be6-9020-11e1-9246-00e081b05e17,c0e01f9d-68b6-11e3-bafe-00155d012119,c3db156e-5342-11e3-b883-00155d012119,3dd32e23-6a46-11e0-af81-00e081b05e17,c3db1568-5342-11e3-b883-00155d012119,8ac875e4-ec8e-11dd-8f72-00e081b05e05,be52e73f-d193-11e5-ab26-00155d012119,bcd3344b-fa60-11e5-9684-00155d012119,004ef44b-eb2b-11e3-a620-00155d012119,985b92e5-6c9e-11e0-a2e2-00e081b05e05,8202640e-ec9c-11dd-8f72-00e081b05e05,0fe0dc15-ec8f-11dd-8f72-00e081b05e05,bcd33443-fa60-11e5-9684-00155d012119,57feb932-5ea6-11e4-a8d3-00155d012119,69266b51-7435-11e2-8d4f-00155d00ce03,353e52c3-ec94-11dd-8f72-00e081b05e05,572be068-97c8-11de-88d3-00e081b05e17,f9cbfaa7-6533-11e1-9246-00e081b05e17,4e5ba437-2ff0-11e2-9efe-00155d00ce03,e719fcc0-5e10-11e6-9e82-00155d012119,2fc6d291-33dc-11e8-bac2-00155d080306,24c4bd4a-33dc-11e8-bac2-00155d080306,24c4bcf8-33dc-11e8-bac2-00155d080306,78baad98-138c-11e9-baec-00155d080527,49ab7102-8514-11e8-bad1-00155d080317,c8a5e500-c565-11e9-baf5-00155d080527",KM000851 Болт М10х35 DIN 608
8f9d3c5c-0c68-11ea-bb01-00155d080527,,0,no image,Strom,3a7e8998-07ba-11de-8a95-00e081b05e17,KM000848,3.77,0,0,,KM000848 Гайка М10х7 стопорна
5791156d-0c68-11ea-bb01-00155d080527,,0,no image,Strom,3a7e8998-07ba-11de-8a95-00e081b05e17,KM060288,216.27,0,0,,KM060288 Лапа SB 170Л
7ea9b7d1-cbaf-11df-a596-0018f34cc3ec,,0,no image,Strom,3a7e8998-07ba-11de-8a95-00e081b05e17,KM380001,179.04,0,0,,KM380001 Кована скоба - вилка кардана
5965da3d-0c48-11ea-bb01-00155d080527,,0,no image,Strom,3a7e8998-07ba-11de-8a95-00e081b05e17,KM060127,1232.68,0,1,6e09b895-0c46-11ea-bb01-00155d080527,KM060127 Ніж
797046cb-0c43-11ea-bb01-00155d080527,,0,no image,Strom,3a7e8998-07ba-11de-8a95-00e081b05e17,KM060121,1128.29,0,1,f552615c-0c45-11ea-bb01-00155d080527,KM060121 Відвал
17495ad5-0c44-11ea-bb01-00155d080527,,0,no image,Strom,3a7e8998-07ba-11de-8a95-00e081b05e17,KM000275,99.14,0,1,bbe58f8c-0c45-11ea-bb01-00155d080527,KM000275 Болт М24х120
d99b1cc2-0c43-11ea-bb01-00155d080527,,0,no image,Strom,3a7e8998-07ba-11de-8a95-00e081b05e17,KM060174,1128.25,0,1,0e15bd66-0c46-11ea-bb01-00155d080527,KM060174 Диск 510x5
2e67fb69-0c45-11ea-bb01-00155d080527,,0,no image,Strom,3a7e8998-07ba-11de-8a95-00e081b05e17,KM060126,1232.68,0,1,a36e1d45-0c46-11ea-bb01-00155d080527,KM060126 Нож
49858138-0c44-11ea-bb01-00155d080527,,0,no image,Strom,3a7e8998-07ba-11de-8a95-00e081b05e17,KM000552,112.95,0,1,cf174ecb-0c45-11ea-bb01-00155d080527,KM000552 Болт М24х80
656d04c3-0ba5-11ea-bb01-00155d080527,,0,no image,Strom,3a7e8998-07ba-11de-8a95-00e081b05e17,KM000695,2.51,0,0,,KM000695 Болт
1d959637-0ba5-11ea-bb01-00155d080527,,0,no image,Strom,3a7e8998-07ba-11de-8a95-00e081b05e17,KM000489,12.13,0,0,,"KM000489 Болт M12x18x1,25 ступиці диска"
eb6f94dd-0b5e-11ea-bb01-00155d080527,,0,no image,Strom,3a7e8998-07ba-11de-8a95-00e081b05e17,KM000903,17.57,0,1,"d9d79513-984e-11e7-baa0-00155d080306,4446a020-5ee3-11e6-9e82-00155d012119,d50a41a5-2fef-11e2-9efe-00155d00ce03,cbd3817e-2fef-11e2-9efe-00155d00ce03,d50a41c3-2fef-11e2-9efe-00155d00ce03,b8231612-6cae-11e5-b212-00155d012119,5e0b8d84-ec99-11dd-8f72-00e081b05e05,353e52f2-ec94-11dd-8f72-00e081b05e05,2e98ac69-70d0-11e5-86a4-00155d012119,4446a012-5ee3-11e6-9e82-00155d012119",KM000903 Болт М12х50
299f49d1-0b5f-11ea-bb01-00155d080527,,0,no image,Strom,3a7e8998-07ba-11de-8a95-00e081b05e17,KM000296,9.62,0,1,"a138af44-ec99-11dd-8f72-00e081b05e05,b78817c3-8ebd-11e6-87ef-00155d012119,0e4bc549-ec99-11dd-8f72-00e081b05e05,a51f5e2b-74e0-11e2-8d4f-00155d00ce03,aa4fceee-97c7-11de-88d3-00e081b05e17,fec1c326-00d9-11df-ba00-00e081b05e17,010125e9-ec9d-11dd-8f72-00e081b05e05,7bd21281-ec90-11dd-8f72-00e081b05e05,a138af9a-ec99-11dd-8f72-00e081b05e05,182f8d90-ec8f-11dd-8f72-00e081b05e05,7c8a21cb-a4d8-11e1-8bc8-00e081b05e17,4b03b801-97c6-11de-88d3-00e081b05e17,8202642a-ec9c-11dd-8f72-00e081b05e05,8a502caa-a375-11df-b09f-00e081b05e05,ed7cc09a-3c26-11e0-9d10-00e081b05e17,61097f00-a4d8-11e1-8bc8-00e081b05e17,07922a4d-ec8f-11dd-8f72-00e081b05e05,5f6cb149-459f-11e0-af81-00e081b05e17,7e1f107b-26de-11e1-87dc-00155d019400,5e0b8d8b-ec99-11dd-8f72-00e081b05e05,c3fcd1a7-537b-11e3-b883-00155d012119,8d5b4225-aecf-11e1-baf6-00e081b05e17,f48ea836-ec90-11dd-8f72-00e081b05e05,ba45f5c0-6c8a-11e2-b34f-00155d00ce03,00480912-73dd-11e4-8f03-00155d012119,b9f36a31-64ba-11df-ba00-00e081b05e17,a64d570a-3d2e-11e1-8015-00e081b05e17,0141748f-359f-11df-a4f2-0018f34cc3ec,9ac0b449-c9b3-11e2-b08d-00155d012119,790aaac9-97c6-11de-88d3-00e081b05e17,30210bf6-68bd-11e3-bafe-00155d012119,250e254e-97c8-11de-88d3-00e081b05e17,7daae865-8c79-11e2-b065-00155d012119,e06c8de0-535c-11e3-b883-00155d012119,55d6b278-ec9d-11dd-8f72-00e081b05e05,1ab6ab75-7487-11e4-8f03-00155d012119,121be5c4-97c6-11de-88d3-00e081b05e17,b8eec516-535c-11e3-b883-00155d012119,6ed5a14b-ec93-11dd-8f72-00e081b05e05,fbe6648d-ec92-11dd-8f72-00e081b05e05,87ff6c05-ec9c-11dd-8f72-00e081b05e05,f4a8c0c4-6c8a-11e2-b34f-00155d00ce03,3ed86b94-ec94-11dd-8f72-00e081b05e05,8e0bec9a-ec90-11dd-8f72-00e081b05e05,d1999b32-7435-11e2-8d4f-00155d00ce03,528d77b2-ec99-11dd-8f72-00e081b05e05,5c49c43e-50f6-11df-ba00-00e081b05e17,9644c5c7-ec94-11dd-8f72-00e081b05e05,94de0926-ec8d-11dd-8f72-00e081b05e05,6a1595ba-ec8e-11dd-8f72-00e081b05e05,8c443451-08dc-11e0-afde-00e081b05e05,d9f5ad8d-b098-11e1-baf6-00e081b05e17,26ba7cdb-ec9b-11dd-8f72-00e081b05e05,59ad0b42-c5b6-11e6-b854-00155d012119,690dea65-13a5-11e7-a663-00155d012119,deae9175-51ee-11e7-ba85-00155d080301,f5f28d3d-535b-11e7-ba85-00155d080301,98503d26-535b-11e7-ba85-00155d080301,2083a75c-535a-11e7-ba85-00155d080301,5dc075ac-bd73-11e7-baa9-00155d080306,0933898b-33e1-11e8-bac2-00155d080306,0933899f-33e1-11e8-bac2-00155d080306,e60166ca-33e0-11e8-bac2-00155d080306,f7eeed05-33e0-11e8-bac2-00155d080306,71d573af-c644-11e8-bae4-00155d080527,136d78ba-1407-11e9-baec-00155d080527",KM000296 Гайка М12
fd354c4e-0ac2-11ea-bb01-00155d080527,,0,no image,Strom,3a7e8998-07ba-11de-8a95-00e081b05e17,00010331,696.19,0,0,,00010331 Рама
8295eb1f-0ac2-11ea-bb01-00155d080527,,0,no image,Strom,3a7e8998-07ba-11de-8a95-00e081b05e17,00010338,1192.13,0,0,,00010338 Канат
0ac8d6f7-09ec-11ea-bb01-00155d080527,,0,no image,Strom,3a7e8998-07ba-11de-8a95-00e081b05e17,1454057,11345.38,0,0,,1454057 Стійка
381a2285-09ec-11ea-bb01-00155d080527,,0,no image,Strom,3a7e8998-07ba-11de-8a95-00e081b05e17,1381840,1154.5,0,0,,1381840 Палець навіски нижній - вісь
7ea9b7d0-cbaf-11df-a596-0018f34cc3ec,,0,no image,Strom,3a7e8998-07ba-11de-8a95-00e081b05e17,00002940,177.37,0,1,f6947b2b-e677-11e9-baff-00155d080527,00002940 Шайба
f49fc9c9-f62a-11e9-bb01-00155d080527,,0,no image,Strom,3a7e8998-07ba-11de-8a95-00e081b05e17,KM060304,1246.8,0,1,"428036c0-b4fa-11e9-baf5-00155d080527,cb23aead-fc78-11e9-bb01-00155d080527,e339155c-b1ce-11e9-baf5-00155d080527","KM060304 Диск ромашка, см KM060305"
978d2e10-f573-11e9-bb01-00155d080527,,0,no image,Strom,3a7e8998-07ba-11de-8a95-00e081b05e17,KM060340,6525.39,0,1,46980526-e672-11e9-baff-00155d080527,KM060340 долото з наплавкою
b99705d7-e674-11e9-baff-00155d080527,,0,no image,Strom,3a7e8998-07ba-11de-8a95-00e081b05e17,00694030,666.38,0,0,,00694030 Отвал
7c3b1cfb-f3cc-11e9-bb01-00155d080527,,0,no image,Strom,3a7e8998-07ba-11de-8a95-00e081b05e17,KM060351,455.11,0,1,"ecbab692-e673-11e9-baff-00155d080527,3a5f9310-ec1d-11e9-baff-00155d080527",KM060351 Лопатка (див новий SDKM060169)
061cd88e-e679-11e9-baff-00155d080527,,0,no image,Strom,3a7e8998-07ba-11de-8a95-00e081b05e17,00730933,1798.78,0,0,,00730933 шланг
304941ac-e679-11e9-baff-00155d080527,,0,no image,Strom,3a7e8998-07ba-11de-8a95-00e081b05e17,00786446,572.26,0,0,,00786446 шланг
9318bb4d-e676-11e9-baff-00155d080527,,0,no image,Strom,3a7e8998-07ba-11de-8a95-00e081b05e17,00910109,42562.39,0,0,,00910109 Рама
1c8203f4-e672-11e9-baff-00155d080527,,0,no image,Strom,3a7e8998-07ba-11de-8a95-00e081b05e17,00727056,3476.24,0,0,,00727056 Держатель
20c9f55b-e678-11e9-baff-00155d080527,,0,no image,Strom,3a7e8998-07ba-11de-8a95-00e081b05e17,KM000355,32.21,0,0,,KM000355 Шайба
b15613c9-e676-11e9-baff-00155d080527,,0,no image,Strom,3a7e8998-07ba-11de-8a95-00e081b05e17,01291354,44459.05,0,0,,01291354 Рама
bf015dda-e670-11e9-baff-00155d080527,,0,no image,Strom,3a7e8998-07ba-11de-8a95-00e081b05e17,KM000186,47.69,0,0,,KM000186 Болт
6db5c8f4-e671-11e9-baff-00155d080527,,0,no image,Strom,3a7e8998-07ba-11de-8a95-00e081b05e17,00189561,7487.93,0,0,,00189561 Втулка
57c53934-e67a-11e9-baff-00155d080527,,0,no image,Strom,3a7e8998-07ba-11de-8a95-00e081b05e17,KM120071,2002.5,0,0,,KM120071 Щит
da2221ff-e671-11e9-baff-00155d080527,,0,no image,Strom,3a7e8998-07ba-11de-8a95-00e081b05e17,KM011313,12370.14,0,0,,KM011313 Гідравлічний цилиндр
04bd12b7-e674-11e9-baff-00155d080527,,0,no image,Strom,3a7e8998-07ba-11de-8a95-00e081b05e17,KM010258,149.34,0,0,,KM010258 муфта
83e3b298-e675-11e9-baff-00155d080527,,0,no image,Strom,3a7e8998-07ba-11de-8a95-00e081b05e17,00702674,33511.62,0,0,,00702674 Плечо
9375a092-e678-11e9-baff-00155d080527,,0,no image,Strom,3a7e8998-07ba-11de-8a95-00e081b05e17,00611926,17237.3,0,0,,00611926 шланг
02a8babd-e678-11e9-baff-00155d080527,,0,no image,Strom,3a7e8998-07ba-11de-8a95-00e081b05e17,00460925,230.91,0,0,,00460925 Шайба
5d30d0fd-e678-11e9-baff-00155d080527,,0,no image,Strom,3a7e8998-07ba-11de-8a95-00e081b05e17,00495707,1109.8,0,0,,00495707 шланг
c048ebcd-e675-11e9-baff-00155d080527,,0,no image,Strom,3a7e8998-07ba-11de-8a95-00e081b05e17,KR500125,8443.79,0,0,,KR500125 Підшипник
90d65b11-e679-11e9-baff-00155d080527,,0,no image,Strom,3a7e8998-07ba-11de-8a95-00e081b05e17,00912054,923.65,0,0,,00912054 шланг
0460a948-e672-11e9-baff-00155d080527,,0,no image,Strom,3a7e8998-07ba-11de-8a95-00e081b05e17,00095574,786.02,0,0,,00095574 Держатель
c2835407-e673-11e9-baff-00155d080527,,0,no image,Strom,3a7e8998-07ba-11de-8a95-00e081b05e17,DB041148,694.01,0,0,,DB041148 Кришка
1f4d8c50-e671-11e9-baff-00155d080527,,0,no image,Strom,3a7e8998-07ba-11de-8a95-00e081b05e17,01283691,1276.13,0,0,,01283691 Болт-палец
4ca81ac7-e672-11e9-baff-00155d080527,,0,no image,Strom,3a7e8998-07ba-11de-8a95-00e081b05e17,KM060410,8659.12,0,0,,KM060410 Долото
15692ad0-e67a-11e9-baff-00155d080527,,0,no image,Strom,3a7e8998-07ba-11de-8a95-00e081b05e17,01264873,1555.31,0,0,,01264873 шланг
c207ee12-e671-11e9-baff-00155d080527,,0,no image,Strom,3a7e8998-07ba-11de-8a95-00e081b05e17,00065532,36545.04,0,0,,00065532 Гідравлічний контур
3c6e6150-e679-11e9-baff-00155d080527,,0,no image,Strom,3a7e8998-07ba-11de-8a95-00e081b05e17,00798871,968.41,0,0,,00798871 шланг
5f9fcc00-e675-11e9-baff-00155d080527,,0,no image,Strom,3a7e8998-07ba-11de-8a95-00e081b05e17,00028886,5097.46,0,0,,00028886 Плечо
ed8ba832-e676-11e9-baff-00155d080527,,0,no image,Strom,3a7e8998-07ba-11de-8a95-00e081b05e17,KM060081,162.62,0,0,,KM060081 Следорыхлитель
4b0ed709-e678-11e9-baff-00155d080527,,0,no image,Strom,3a7e8998-07ba-11de-8a95-00e081b05e17,00288283,1314.78,0,0,,00288283 шланг
3152e4b8-e671-11e9-baff-00155d080527,,0,no image,Strom,3a7e8998-07ba-11de-8a95-00e081b05e17,KM011804,198703.67,0,0,,KM011804 бункер
b90fb18a-e672-11e9-baff-00155d080527,,0,no image,Strom,3a7e8998-07ba-11de-8a95-00e081b05e17,KM340758,340.2,0,0,,KM340758 Інструкція
f5bc7a97-e672-11e9-baff-00155d080527,,0,no image,Strom,3a7e8998-07ba-11de-8a95-00e081b05e17,KM347750,805.68,0,0,,KM347750 Каталог
13fc38b8-e673-11e9-baff-00155d080527,,0,no image,Strom,3a7e8998-07ba-11de-8a95-00e081b05e17,00420344,684.37,0,0,,00420344 Каток
d873ba1e-e677-11e9-baff-00155d080527,,0,no image,Strom,3a7e8998-07ba-11de-8a95-00e081b05e17,00580981,4402.44,0,0,,00580981 Упор
e31cbe5a-e670-11e9-baff-00155d080527,,0,no image,Strom,3a7e8998-07ba-11de-8a95-00e081b05e17,KM000644,51.87,0,0,,KM000644 Болт
a24254f7-e677-11e9-baff-00155d080527,,0,no image,Strom,3a7e8998-07ba-11de-8a95-00e081b05e17,00008785,360.17,0,0,,00008785 тяга
62eb7adb-e676-11e9-baff-00155d080527,,0,no image,Strom,3a7e8998-07ba-11de-8a95-00e081b05e17,00660318,29388.65,0,0,,00660318 Рама
94cec0e1-e670-11e9-baff-00155d080527,,0,no image,Strom,3a7e8998-07ba-11de-8a95-00e081b05e17,00789755,10019.18,0,0,,00789755 Балка
35c99177-e677-11e9-baff-00155d080527,,0,no image,Strom,3a7e8998-07ba-11de-8a95-00e081b05e17,01111229,35436.24,0,0,,01111229 Стійка
20df0af6-e676-11e9-baff-00155d080527,,0,no image,Strom,3a7e8998-07ba-11de-8a95-00e081b05e17,00951276,848.35,0,0,,00951276 Прут
e3d59f0e-e674-11e9-baff-00155d080527,,0,no image,Strom,3a7e8998-07ba-11de-8a95-00e081b05e17,00025881,21253.58,0,0,,00025881 Петля
607de5b2-e679-11e9-baff-00155d080527,,0,no image,Strom,3a7e8998-07ba-11de-8a95-00e081b05e17,00885134,314.58,0,0,,00885134 шланг
8161a684-e678-11e9-baff-00155d080527,,0,no image,Strom,3a7e8998-07ba-11de-8a95-00e081b05e17,00582195,1145.59,0,0,,00582195 шланг
78b979f6-e679-11e9-baff-00155d080527,,0,no image,Strom,3a7e8998-07ba-11de-8a95-00e081b05e17,00905056,1377.53,0,0,,00905056 шланг
6f5eb0ea-e678-11e9-baff-00155d080527,,0,no image,Strom,3a7e8998-07ba-11de-8a95-00e081b05e17,00570456,1008.99,0,0,,00570456 шланг
d48b0fe2-e673-11e9-baff-00155d080527,,0,no image,Strom,3a7e8998-07ba-11de-8a95-00e081b05e17,00786408-ARMY,3923.14,0,0,,00786408-ARMY Кришка
57c53919-e67a-11e9-baff-00155d080527,,0,no image,Strom,3a7e8998-07ba-11de-8a95-00e081b05e17,00582892,59619.8,0,0,,00582892 Штригувальна боронка
d4146cc5-e671-11e9-baff-00155d080527,,0,no image,Strom,3a7e8998-07ba-11de-8a95-00e081b05e17,KM011056,25609.55,0,0,,KM011056 Гідравлічний цилиндр
77f7365b-e677-11e9-baff-00155d080527,,0,no image,Strom,3a7e8998-07ba-11de-8a95-00e081b05e17,00021411,284.46,0,0,,00021411 Труба
4e5e4497-e679-11e9-baff-00155d080527,,0,no image,Strom,3a7e8998-07ba-11de-8a95-00e081b05e17,00823597,1145.78,0,0,,00823597 шланг
e63661ac-e671-11e9-baff-00155d080527,,0,no image,Strom,3a7e8998-07ba-11de-8a95-00e081b05e17,KM011488,25405.83,0,0,,KM011488 Гідравлічний цилиндр
ba52fc2a-e677-11e9-baff-00155d080527,,0,no image,Strom,3a7e8998-07ba-11de-8a95-00e081b05e17,01027895,3273.35,0,0,,01027895 тяга
cbb8faad-e674-11e9-baff-00155d080527,,0,no image,Strom,3a7e8998-07ba-11de-8a95-00e081b05e17,00786861,5316.43,0,0,,00786861 Отвал
f84eca25-e671-11e9-baff-00155d080527,,0,no image,Strom,3a7e8998-07ba-11de-8a95-00e081b05e17,KM120069,467.26,0,0,,KM120069 Гідромуфта
0e141de6-e675-11e9-baff-00155d080527,,0,no image,Strom,3a7e8998-07ba-11de-8a95-00e081b05e17,KM090056,15878.17,0,0,,KM090056 Петля
ea91049b-e675-11e9-baff-00155d080527,,0,no image,Strom,3a7e8998-07ba-11de-8a95-00e081b05e17,KM120048,144.32,0,0,,KM120048 провод
efbf75c4-e672-11e9-baff-00155d080527,,0,no image,Strom,3a7e8998-07ba-11de-8a95-00e081b05e17,KM347683,708.12,0,0,,KM347683 Каталог
f9881227-e676-11e9-baff-00155d080527,,0,no image,Strom,3a7e8998-07ba-11de-8a95-00e081b05e17,MC320860,2945.38,0,0,,MC320860 Стійка
1198babc-e677-11e9-baff-00155d080527,,0,no image,Strom,3a7e8998-07ba-11de-8a95-00e081b05e17,00623452,8144.69,0,0,,00623452 Стійка
b455f8f0-e677-11e9-baff-00155d080527,,0,no image,Strom,3a7e8998-07ba-11de-8a95-00e081b05e17,00628924,653.42,0,0,,00628924 тяга
4f845c48-e671-11e9-baff-00155d080527,,0,no image,Strom,3a7e8998-07ba-11de-8a95-00e081b05e17,SF372309,3803.37,0,0,,SF372309 Вал
71fa3222-e677-11e9-baff-00155d080527,,0,no image,Strom,3a7e8998-07ba-11de-8a95-00e081b05e17,00915969,65571.24,0,0,,"00915969 Трьохточкова навіская балка, навіска II. категории, Палец III. категории"
cd17f3fb-e679-11e9-baff-00155d080527,,0,no image,Strom,3a7e8998-07ba-11de-8a95-00e081b05e17,00951799,1115.24,0,0,,00951799 шланг
557efb6a-e671-11e9-baff-00155d080527,,0,no image,Strom,3a7e8998-07ba-11de-8a95-00e081b05e17,00048924,8552.55,0,0,,00048924 Волокуща
f9881239-e676-11e9-baff-00155d080527,,0,no image,Strom,3a7e8998-07ba-11de-8a95-00e081b05e17,00046596,1458.68,0,0,,00046596 Стійка
76c5be24-e670-11e9-baff-00155d080527,,0,no image,Strom,3a7e8998-07ba-11de-8a95-00e081b05e17,00565359,5781.6,0,0,,00565359 Балка
4de81a74-e677-11e9-baff-00155d080527,,0,no image,Strom,3a7e8998-07ba-11de-8a95-00e081b05e17,00225442,11491.25,0,0,,00225442 Ступиця
23b388d8-e677-11e9-baff-00155d080527,,0,no image,Strom,3a7e8998-07ba-11de-8a95-00e081b05e17,00821386,10933.63,0,0,,00821386 Стійка
d25c980f-e675-11e9-baff-00155d080527,,0,no image,Strom,3a7e8998-07ba-11de-8a95-00e081b05e17,SF494205,4722.48,0,0,,SF494205 Полоса
e9d03f58-e674-11e9-baff-00155d080527,,0,no image,Strom,3a7e8998-07ba-11de-8a95-00e081b05e17,00132720,3914.64,0,0,,00132720 Петля
39a79042-e67a-11e9-baff-00155d080527,,0,no image,Strom,3a7e8998-07ba-11de-8a95-00e081b05e17,KM010394,1019.86,0,0,,KM010394 шланг
e7dac2f2-e678-11e9-baff-00155d080527,,0,no image,Strom,3a7e8998-07ba-11de-8a95-00e081b05e17,00698119,1891.22,0,0,,00698119 шланг
6ef6330e-e676-11e9-baff-00155d080527,,0,no image,Strom,3a7e8998-07ba-11de-8a95-00e081b05e17,00697067,22980.83,0,0,,00697067 Рама
fa1109b0-e678-11e9-baff-00155d080527,,0,no image,Strom,3a7e8998-07ba-11de-8a95-00e081b05e17,00724963,964.15,0,0,,00724963 шланг
04bd12a9-e674-11e9-baff-00155d080527,,0,no image,Strom,3a7e8998-07ba-11de-8a95-00e081b05e17,"00717267, 00735779",295.34,0,0,,"00717267, 00735779 муфта"
26d302fa-e678-11e9-baff-00155d080527,,0,no image,Strom,3a7e8998-07ba-11de-8a95-00e081b05e17,KM000982,13.39,0,0,,KM000982 Шайба
de7caa39-e677-11e9-baff-00155d080527,,0,no image,Strom,3a7e8998-07ba-11de-8a95-00e081b05e17,KM110022,9614.67,0,0,,KM110022 Фармфлекс
aee276d0-e679-11e9-baff-00155d080527,,0,no image,Strom,3a7e8998-07ba-11de-8a95-00e081b05e17,00928633,1254.12,0,0,,00928633 шланг
9c00478a-e675-11e9-baff-00155d080527,,0,no image,Strom,3a7e8998-07ba-11de-8a95-00e081b05e17,01274413,18908.06,0,0,,01274413 Плечо
ae5b5886-e677-11e9-baff-00155d080527,,0,no image,Strom,3a7e8998-07ba-11de-8a95-00e081b05e17,00236640,5785.37,0,0,,00236640 тяга
0b948fb6-e677-11e9-baff-00155d080527,,0,no image,Strom,3a7e8998-07ba-11de-8a95-00e081b05e17,00380864,27253.8,0,0,,00380864 Стійка
1946ff6e-e671-11e9-baff-00155d080527,,0,no image,Strom,3a7e8998-07ba-11de-8a95-00e081b05e17,00887314,657.72,0,0,,00887314 Болт-палец
77ec0eff-e675-11e9-baff-00155d080527,,0,no image,Strom,3a7e8998-07ba-11de-8a95-00e081b05e17,00573521,1213.55,0,0,,00573521 Плечо
0c28290c-e679-11e9-baff-00155d080527,,0,no image,Strom,3a7e8998-07ba-11de-8a95-00e081b05e17,00763724,768.87,0,0,,00763724 шланг
999b3166-e678-11e9-baff-00155d080527,,0,no image,Strom,3a7e8998-07ba-11de-8a95-00e081b05e17,00619680,1555.34,0,0,,00619680 шланг
3802264b-e673-11e9-baff-00155d080527,,0,no image,Strom,3a7e8998-07ba-11de-8a95-00e081b05e17,KM370023,1196.81,0,0,,KM370023 Клемна плата
3531d93d-e674-11e9-baff-00155d080527,,0,no image,Strom,3a7e8998-07ba-11de-8a95-00e081b05e17,00756161,3167.1,0,0,,00756161 Огорожа
9ad7afd0-e670-11e9-baff-00155d080527,,0,no image,Strom,3a7e8998-07ba-11de-8a95-00e081b05e17,00901305,8804.38,0,0,,00901305 Балка
dbe31ecb-e678-11e9-baff-00155d080527,,0,no image,Strom,3a7e8998-07ba-11de-8a95-00e081b05e17,00686740,1213.13,0,0,,00686740 шланг
5a7022ae-e679-11e9-baff-00155d080527,,0,no image,Strom,3a7e8998-07ba-11de-8a95-00e081b05e17,00839037,1190.12,0,0,,00839037 шланг
9f400baa-e676-11e9-baff-00155d080527,,0,no image,Strom,3a7e8998-07ba-11de-8a95-00e081b05e17,00954326,256636.8,0,0,,00954326 Рама
061cd8a0-e679-11e9-baff-00155d080527,,0,no image,Strom,3a7e8998-07ba-11de-8a95-00e081b05e17,00739915,1065.46,0,0,,00739915 шланг
a2093555-e675-11e9-baff-00155d080527,,0,no image,Strom,3a7e8998-07ba-11de-8a95-00e081b05e17,00916808,105486.19,0,0,,00916808 Підвіска без гальмівної системи
88e737e2-e672-11e9-baff-00155d080527,,0,no image,Strom,3a7e8998-07ba-11de-8a95-00e081b05e17,KM340341,715.33,0,0,,KM340341 Інструкція
7e0023dd-e677-11e9-baff-00155d080527,,0,no image,Strom,3a7e8998-07ba-11de-8a95-00e081b05e17,00772662,381.02,0,0,,00772662 Труба
9b7647b2-e674-11e9-baff-00155d080527,,0,no image,Strom,3a7e8998-07ba-11de-8a95-00e081b05e17,CU025105,400.75,0,0,,CU025105 Вісь
32df9d83-e676-11e9-baff-00155d080527,,0,no image,Strom,3a7e8998-07ba-11de-8a95-00e081b05e17,00019070,91252.32,0,0,,00019070 Рама
76df7cf9-e672-11e9-baff-00155d080527,,0,no image,Strom,3a7e8998-07ba-11de-8a95-00e081b05e17,KM340145,410.37,0,0,,KM340145 Інструкція
925d3d5c-e673-11e9-baff-00155d080527,,0,no image,Strom,3a7e8998-07ba-11de-8a95-00e081b05e17,KM080409,4675.1,0,0,,KM080409 комплект наклеек
0e141de4-e675-11e9-baff-00155d080527,,0,no image,Strom,3a7e8998-07ba-11de-8a95-00e081b05e17,KM090055,18844.48,0,0,,KM090055 Петля
1a0eb2cb-e673-11e9-baff-00155d080527,,0,no image,Strom,3a7e8998-07ba-11de-8a95-00e081b05e17,00697938,77003.09,0,0,,00697938 Каток
9622279d-e677-11e9-baff-00155d080527,,0,no image,Strom,3a7e8998-07ba-11de-8a95-00e081b05e17,00787401,2030.94,0,0,,00787401 Труба
e1db5e08-e678-11e9-baff-00155d080527,,0,no image,Strom,3a7e8998-07ba-11de-8a95-00e081b05e17,00686864,884.52,0,0,,00686864 шланг
7d42749e-e674-11e9-baff-00155d080527,,0,no image,Strom,3a7e8998-07ba-11de-8a95-00e081b05e17,00157680,606.98,0,0,,00157680 Вісь
e9d03f46-e674-11e9-baff-00155d080527,,0,no image,Strom,3a7e8998-07ba-11de-8a95-00e081b05e17,00088951,1920.09,0,0,,00088951 Петля
20c9f56d-e678-11e9-baff-00155d080527,,0,no image,Strom,3a7e8998-07ba-11de-8a95-00e081b05e17,KM000661,0.42,0,0,,KM000661 Шайба
b75ca142-e676-11e9-baff-00155d080527,,0,no image,Strom,3a7e8998-07ba-11de-8a95-00e081b05e17,RS072550,23043.57,0,0,,RS072550 Рама
339c41a4-e67a-11e9-baff-00155d080527,,0,no image,Strom,3a7e8998-07ba-11de-8a95-00e081b05e17,01350470,1649.86,0,0,,01350470 шланг
cc4ecbd4-e677-11e9-baff-00155d080527,,0,no image,Strom,3a7e8998-07ba-11de-8a95-00e081b05e17,KM050171,788.95,0,0,,KM050171 Ущільнювач
db83ee2b-e676-11e9-baff-00155d080527,,0,no image,Strom,3a7e8998-07ba-11de-8a95-00e081b05e17,00766535,961.3,0,0,,00766535 важіль
28859382-e672-11e9-baff-00155d080527,,0,no image,Strom,3a7e8998-07ba-11de-8a95-00e081b05e17,00886262,376.49,0,0,,00886262 Держатель
14c13f51-e676-11e9-baff-00155d080527,,0,no image,Strom,3a7e8998-07ba-11de-8a95-00e081b05e17,00628970,189.08,0,0,,00628970 Прут
70d42c04-e672-11e9-baff-00155d080527,,0,no image,Strom,3a7e8998-07ba-11de-8a95-00e081b05e17,KM340082,400.75,0,0,,KM340082 Інструкція
4ca81ab9-e672-11e9-baff-00155d080527,,0,no image,Strom,3a7e8998-07ba-11de-8a95-00e081b05e17,KM060381,1453.54,0,0,,KM060381 Долото
51b52294-e67a-11e9-baff-00155d080527,,0,no image,Strom,3a7e8998-07ba-11de-8a95-00e081b05e17,00904296,273.58,0,0,,00904296 Штифт
c0fec2f1-e679-11e9-baff-00155d080527,,0,no image,Strom,3a7e8998-07ba-11de-8a95-00e081b05e17,00948975,1447.99,0,0,,00948975 шланг
9e5e6a70-e673-11e9-baff-00155d080527,,0,no image,Strom,3a7e8998-07ba-11de-8a95-00e081b05e17,KM080591,1244.5,0,0,,KM080591 комплект наклеек
d25ee17f-e677-11e9-baff-00155d080527,,0,no image,Strom,3a7e8998-07ba-11de-8a95-00e081b05e17,KM410122,1211.04,0,0,,KM410122 Ущільнювач
b1bf847a-e678-11e9-baff-00155d080527,,0,no image,Strom,3a7e8998-07ba-11de-8a95-00e081b05e17,00647138,1459.52,0,0,,00647138 шланг
9e092a9d-e671-11e9-baff-00155d080527,,0,no image,Strom,3a7e8998-07ba-11de-8a95-00e081b05e17,FI00045402,21509.21,0,0,,FI00045402 Вирівнююча планка с механическим управлением
a0dbd9a6-e670-11e9-baff-00155d080527,,0,no image,Strom,3a7e8998-07ba-11de-8a95-00e081b05e17,01023072,1027.66,0,0,,01023072 Вісь
39a79038-e67a-11e9-baff-00155d080527,,0,no image,Strom,3a7e8998-07ba-11de-8a95-00e081b05e17,KM010287,1869.05,0,0,,KM010287 шланг
7fd0952a-e671-11e9-baff-00155d080527,,0,no image,Strom,3a7e8998-07ba-11de-8a95-00e081b05e17,00769251,589.18,0,0,,00769251 Втулка
f5188d77-e670-11e9-baff-00155d080527,,0,no image,Strom,3a7e8998-07ba-11de-8a95-00e081b05e17,KM000777,25.52,0,0,,KM000777 Болт
c3e76baa-e678-11e9-baff-00155d080527,,0,no image,Strom,3a7e8998-07ba-11de-8a95-00e081b05e17,00670520,2131.76,0,0,,00670520 шланг
bc7a657b-e673-11e9-baff-00155d080527,,0,no image,Strom,3a7e8998-07ba-11de-8a95-00e081b05e17,KM360025,194.54,0,0,,KM360025 Коробка
dbe31eb5-e678-11e9-baff-00155d080527,,0,no image,Strom,3a7e8998-07ba-11de-8a95-00e081b05e17,00686573,1181.75,0,0,,00686573 шланг
43702685-e671-11e9-baff-00155d080527,,0,no image,Strom,3a7e8998-07ba-11de-8a95-00e081b05e17,HL011550,4865.06,0,0,,HL011550 Вал
72a23d8c-e679-11e9-baff-00155d080527,,0,no image,Strom,3a7e8998-07ba-11de-8a95-00e081b05e17,00902770,1204.76,0,0,,00902770 шланг
7a4a3263-e673-11e9-baff-00155d080527,,0,no image,Strom,3a7e8998-07ba-11de-8a95-00e081b05e17,02282540,6763.82,0,0,,02282540 Комплект
d1091775-e670-11e9-baff-00155d080527,,0,no image,Strom,3a7e8998-07ba-11de-8a95-00e081b05e17,KM000349,181.97,0,0,,KM000349 Болт
080d90fa-e675-11e9-baff-00155d080527,,0,no image,Strom,3a7e8998-07ba-11de-8a95-00e081b05e17,00977327,3103.93,0,0,,00977327 Петля
365e1ce7-e679-11e9-baff-00155d080527,,0,no image,Strom,3a7e8998-07ba-11de-8a95-00e081b05e17,00791304,1265.0,0,0,,00791304 шланг
94e602b6-e672-11e9-baff-00155d080527,,0,no image,Strom,3a7e8998-07ba-11de-8a95-00e081b05e17,KM340428,1005.48,0,0,,KM340428 Інструкція
bd67f0cf-e676-11e9-baff-00155d080527,,0,no image,Strom,3a7e8998-07ba-11de-8a95-00e081b05e17,00692329,374.4,0,0,,00692329 Розпорка
9c42efbd-e677-11e9-baff-00155d080527,,0,no image,Strom,3a7e8998-07ba-11de-8a95-00e081b05e17,KM410228,18818.54,0,0,,KM410228 Труба
59e9484b-e677-11e9-baff-00155d080527,,0,no image,Strom,3a7e8998-07ba-11de-8a95-00e081b05e17,00630381,4079.04,0,0,,00630381 Ступиця
08af8458-e678-11e9-baff-00155d080527,,0,no image,Strom,3a7e8998-07ba-11de-8a95-00e081b05e17,00654358,69.44,0,0,,00654358 Шайба
d25ee155-e677-11e9-baff-00155d080527,,0,no image,Strom,3a7e8998-07ba-11de-8a95-00e081b05e17,KM100330,4.18,0,0,,KM100330 Ущільнювач
9cd786b9-e679-11e9-baff-00155d080527,,0,no image,Strom,3a7e8998-07ba-11de-8a95-00e081b05e17,00914147,1955.65,0,0,,00914147 шланг
d5d9b079-e678-11e9-baff-00155d080527,,0,no image,Strom,3a7e8998-07ba-11de-8a95-00e081b05e17,00686250,1737.7,0,0,,00686250 шланг
baf37328-e679-11e9-baff-00155d080527,,0,no image,Strom,3a7e8998-07ba-11de-8a95-00e081b05e17,00936469,786.02,0,0,,00936469 шланг
4b0ed717-e678-11e9-baff-00155d080527,,0,no image,Strom,3a7e8998-07ba-11de-8a95-00e081b05e17,00311490,1314.78,0,0,,00311490 шланг
3eef70af-e675-11e9-baff-00155d080527,,0,no image,Strom,3a7e8998-07ba-11de-8a95-00e081b05e17,01104240,766.58,0,0,,01104240 Пластина
a780fe4b-e674-11e9-baff-00155d080527,,0,no image,Strom,3a7e8998-07ba-11de-8a95-00e081b05e17,00032220,2796.89,0,0,,00032220 Отвал
46980506-e672-11e9-baff-00155d080527,,0,no image,Strom,3a7e8998-07ba-11de-8a95-00e081b05e17,RA000505,580.61,0,0,,RA000505 Долото
2a44f507-e679-11e9-baff-00155d080527,,0,no image,Strom,3a7e8998-07ba-11de-8a95-00e081b05e17,00784201,1084.29,0,0,,00784201 шланг
000a61f2-e679-11e9-baff-00155d080527,,0,no image,Strom,3a7e8998-07ba-11de-8a95-00e081b05e17,00727576,1482.53,0,0,,00727576 шланг
feb685d2-e673-11e9-baff-00155d080527,,0,no image,Strom,3a7e8998-07ba-11de-8a95-00e081b05e17,KM000105,23.01,0,0,,KM000105 Маслянка
cf557444-e676-11e9-baff-00155d080527,,0,no image,Strom,3a7e8998-07ba-11de-8a95-00e081b05e17,00630723,34278.05,0,0,,00630723 Ротор
ddd62cc3-e674-11e9-baff-00155d080527,,0,no image,Strom,3a7e8998-07ba-11de-8a95-00e081b05e17,MC240861,7164.57,0,0,,MC240861 Отвал
d48b0ffc-e673-11e9-baff-00155d080527,,0,no image,Strom,3a7e8998-07ba-11de-8a95-00e081b05e17,01254875,1721.66,0,0,,01254875 Кришка
94e602cc-e672-11e9-baff-00155d080527,,0,no image,Strom,3a7e8998-07ba-11de-8a95-00e081b05e17,KM340469,47.69,0,0,,KM340469 Інструкція
2f15d6e2-e674-11e9-baff-00155d080527,,0,no image,Strom,3a7e8998-07ba-11de-8a95-00e081b05e17,00021108,3260.8,0,0,,00021108 Огорожа
8648fd89-e673-11e9-baff-00155d080527,,0,no image,Strom,3a7e8998-07ba-11de-8a95-00e081b05e17,KM080679,2670.56,0,0,,KM080679 Комплект
64a3e46a-e670-11e9-baff-00155d080527,,0,no image,Strom,3a7e8998-07ba-11de-8a95-00e081b05e17,00079237,22024.55,0,0,,00079237 Балка
ae5b589c-e677-11e9-baff-00155d080527,,0,no image,Strom,3a7e8998-07ba-11de-8a95-00e081b05e17,00279274,554.27,0,0,,00279274 тяга
0a69993b-e672-11e9-baff-00155d080527,,0,no image,Strom,3a7e8998-07ba-11de-8a95-00e081b05e17,00130187,1162.09,0,0,,00130187 Держатель
aee276d2-e679-11e9-baff-00155d080527,,0,no image,Strom,3a7e8998-07ba-11de-8a95-00e081b05e17,00928634,1254.12,0,0,,00928634 шланг
44f807ea-e676-11e9-baff-00155d080527,,0,no image,Strom,3a7e8998-07ba-11de-8a95-00e081b05e17,00206132,7276.68,0,0,,00206132 Рама
0ad1ed1b-e674-11e9-baff-00155d080527,,0,no image,Strom,3a7e8998-07ba-11de-8a95-00e081b05e17,KM010906,340.51,0,0,,KM010906 муфта
c64854af-e675-11e9-baff-00155d080527,,0,no image,Strom,3a7e8998-07ba-11de-8a95-00e081b05e17,00130632,5369.14,0,0,,00130632 Полоса
999b316e-e678-11e9-baff-00155d080527,,0,no image,Strom,3a7e8998-07ba-11de-8a95-00e081b05e17,00621650,2726.61,0,0,,00621650 шланг
1acc9168-e676-11e9-baff-00155d080527,,0,no image,Strom,3a7e8998-07ba-11de-8a95-00e081b05e17,00694014,422.09,0,0,,00694014 Прут
41e668e7-e677-11e9-baff-00155d080527,,0,no image,Strom,3a7e8998-07ba-11de-8a95-00e081b05e17,SR401650,1628.93,0,0,,SR401650 Ступиця
375e3aa3-e671-11e9-baff-00155d080527,,0,no image,Strom,3a7e8998-07ba-11de-8a95-00e081b05e17,00115495,3274.61,0,0,,00115495 Вал
56fafd2d-e676-11e9-baff-00155d080527,,0,no image,Strom,3a7e8998-07ba-11de-8a95-00e081b05e17,00526635,154279.94,0,0,,00526635 Рама
b7d45a36-e678-11e9-baff-00155d080527,,0,no image,Strom,3a7e8998-07ba-11de-8a95-00e081b05e17,00655024,438.82,0,0,,00655024 шланг
c5b00a96-e674-11e9-baff-00155d080527,,0,no image,Strom,3a7e8998-07ba-11de-8a95-00e081b05e17,00782942,2398.65,0,0,,00782942 Отвал
6bbb32e7-e675-11e9-baff-00155d080527,,0,no image,Strom,3a7e8998-07ba-11de-8a95-00e081b05e17,00174451,1967.78,0,0,,00174451 Плечо
cf55741a-e676-11e9-baff-00155d080527,,0,no image,Strom,3a7e8998-07ba-11de-8a95-00e081b05e17,01603798,14166.43,0,0,,01603798 тяга
6aa80e36-e670-11e9-baff-00155d080527,,0,no image,Strom,3a7e8998-07ba-11de-8a95-00e081b05e17,00128916,8953.3,0,0,,00128916 Балка
79d5f482-e671-11e9-baff-00155d080527,,0,no image,Strom,3a7e8998-07ba-11de-8a95-00e081b05e17,00653242,1959.83,0,0,,00653242 Втулка
992b31f8-e676-11e9-baff-00155d080527,,0,no image,Strom,3a7e8998-07ba-11de-8a95-00e081b05e17,00943835,23228.86,0,0,,00943835 Рама
2c05be45-e673-11e9-baff-00155d080527,,0,no image,Strom,3a7e8998-07ba-11de-8a95-00e081b05e17,KM420160,9078.38,0,0,,KM420160 катушка
a209352c-e675-11e9-baff-00155d080527,,0,no image,Strom,3a7e8998-07ba-11de-8a95-00e081b05e17,DB183854,5529.77,0,0,,DB183854 Плечо
c4fbfe7b-e670-11e9-baff-00155d080527,,0,no image,Strom,3a7e8998-07ba-11de-8a95-00e081b05e17,KM000218,10.46,0,0,,KM000218 Болт
e9b8e8b5-e672-11e9-baff-00155d080527,,0,no image,Strom,3a7e8998-07ba-11de-8a95-00e081b05e17,KM347615,708.12,0,0,,KM347615 Каталог
557efb84-e671-11e9-baff-00155d080527,,0,no image,Strom,3a7e8998-07ba-11de-8a95-00e081b05e17,RS074500,7207.7,0,0,,RS074500 Волокуща
e47764e8-e675-11e9-baff-00155d080527,,0,no image,Strom,3a7e8998-07ba-11de-8a95-00e081b05e17,KM100342,58.15,0,0,,KM100342 Пробка
546996aa-e679-11e9-baff-00155d080527,,0,no image,Strom,3a7e8998-07ba-11de-8a95-00e081b05e17,00835554,1115.35,0,0,,00835554 шланг
69451085-e678-11e9-baff-00155d080527,,0,no image,Strom,3a7e8998-07ba-11de-8a95-00e081b05e17,00531538,2069.43,0,0,,00531538 шланг
2e875bb3-e672-11e9-baff-00155d080527,,0,no image,Strom,3a7e8998-07ba-11de-8a95-00e081b05e17,01253926,284.04,0,0,,01253926 Держатель
78b97a28-e679-11e9-baff-00155d080527,,0,no image,Strom,3a7e8998-07ba-11de-8a95-00e081b05e17,00906464,1139.5,0,0,,00906464 шланг
c048ebdf-e675-11e9-baff-00155d080527,,0,no image,Strom,3a7e8998-07ba-11de-8a95-00e081b05e17,00021649,4839.55,0,0,,00021649 Полоса
29140ec5-e674-11e9-baff-00155d080527,,0,no image,Strom,3a7e8998-07ba-11de-8a95-00e081b05e17,KM220021,13.39,0,0,,KM220021 О - кольцо
080d9110-e675-11e9-baff-00155d080527,,0,no image,Strom,3a7e8998-07ba-11de-8a95-00e081b05e17,01112358,1620.57,0,0,,01112358 Петля
408f1718-e672-11e9-baff-00155d080527,,0,no image,Strom,3a7e8998-07ba-11de-8a95-00e081b05e17,KM050286,16642.02,0,0,,KM050286 Диск колеса
80f92804-e676-11e9-baff-00155d080527,,0,no image,Strom,3a7e8998-07ba-11de-8a95-00e081b05e17,00782779,108941.4,0,0,,00782779 Рама
9f400bbc-e676-11e9-baff-00155d080527,,0,no image,Strom,3a7e8998-07ba-11de-8a95-00e081b05e17,00977243,143729.73,0,0,,00977243 Рама
73c37c3a-e671-11e9-baff-00155d080527,,0,no image,Strom,3a7e8998-07ba-11de-8a95-00e081b05e17,00563797,230.33,0,0,,00563797 Втулка
38022672-e673-11e9-baff-00155d080527,,0,no image,Strom,3a7e8998-07ba-11de-8a95-00e081b05e17,00097719,1620.15,0,0,,00097719 Кованная скоба
9ad7afe2-e670-11e9-baff-00155d080527,,0,no image,Strom,3a7e8998-07ba-11de-8a95-00e081b05e17,00929380,2563.05,0,0,,00929380 Балка
561bbe6c-e673-11e9-baff-00155d080527,,0,no image,Strom,3a7e8998-07ba-11de-8a95-00e081b05e17,KM050666,35267.3,0,0,,KM050666 Колесо
c809b5b0-e671-11e9-baff-00155d080527,,0,no image,Strom,3a7e8998-07ba-11de-8a95-00e081b05e17,01337918,26905.54,0,0,,01337918 Гідравлічний контур
f2bc7e39-e673-11e9-baff-00155d080527,,0,no image,Strom,3a7e8998-07ba-11de-8a95-00e081b05e17,KM060442,386.32,0,0,,KM060442 Лапа
7451f227-e673-11e9-baff-00155d080527,,0,no image,Strom,3a7e8998-07ba-11de-8a95-00e081b05e17,00021303,3086.36,0,0,,00021303 Комплект
7de91202-e675-11e9-baff-00155d080527,,0,no image,Strom,3a7e8998-07ba-11de-8a95-00e081b05e17,00643276,5795.5,0,0,,00643276 Плечо
65e5dd7c-e677-11e9-baff-00155d080527,,0,no image,Strom,3a7e8998-07ba-11de-8a95-00e081b05e17,NA150003,7232.34,0,0,,NA150003 Ступиця
22889065-e672-11e9-baff-00155d080527,,0,no image,Strom,3a7e8998-07ba-11de-8a95-00e081b05e17,00766553,1040.76,0,0,,00766553 Держатель
15692ae6-e67a-11e9-baff-00155d080527,,0,no image,Strom,3a7e8998-07ba-11de-8a95-00e081b05e17,01266611,580.63,0,0,,01266611 шланг
efd465c1-e674-11e9-baff-00155d080527,,0,no image,Strom,3a7e8998-07ba-11de-8a95-00e081b05e17,00563736,4387.32,0,0,,00563736 Петля
fbb71bba-e672-11e9-baff-00155d080527,,0,no image,Strom,3a7e8998-07ba-11de-8a95-00e081b05e17,DV230000,39645.65,0,0,,DV230000 Каток
